"Longitude (x)","Latitude (y)","Station Name","Climate ID","Date/Time","Year","Month","Day","Data Quality","Max Temp (°C)","Max Temp Flag","Min Temp (°C)","Min Temp Flag","Mean Temp (°C)","Mean Temp Flag","Heat Deg Days (°C)","Heat Deg Days Flag","Cool Deg Days (°C)","Cool Deg Days Flag","Total Rain (mm)","Total Rain Flag","Total Snow (cm)","Total Snow Flag","Total Precip (mm)","Total Precip Flag","Snow on Grnd (cm)","Snow on Grnd Flag","Dir of Max Gust (10s deg)","Dir of Max Gust Flag","Spd of Max Gust (km/h)","Spd of Max Gust Flag"
"-66.09","43.83","YARMOUTH A","8206500","2012-01-01","2012","01","01","","5.8","","0.9","","3.4","","14.6","","0.0","","0.0","","0.0","","0.0","","0","","32","E","48","E"
"-66.09","43.83","YARMOUTH A","8206500","2012-01-02","2012","01","02","","10.3","","4.1","","7.2","","10.8","","0.0","","4.2","","0.0","","4.2","","0","","23","E","50","E"
"-66.09","43.83","YARMOUTH A","8206500","2012-01-03","2012","01","03","","4.5","","-8.6","","-2.1","","20.1","","0.0","","0.0","","0.4","","0.4","","0","T","36","E","46","E"
"-66.09","43.83","YARMOUTH A","8206500","2012-01-04","2012","01","04","","-2.0","","-10.1","","-6.1","","24.1","","0.0","","0.0","","2.8","","1.0","","1","","36","E","44","E"
"-66.09","43.83","YARMOUTH A","8206500","2012-01-05","2012","01","05","","2.3","","-2.6","","-0.2","","18.2","","0.0","","0.0","","0.8","","0.8","","3","","27","E","41","E"
"-66.09","43.83","YARMOUTH A","8206500","2012-01-06","2012","01","06","","1.1","","-5.4","","-2.2","","20.2","","0.0","","0.0","T","0.4","","0.4","","1","","","","<31",""
"-66.09","43.83","YARMOUTH A","8206500","2012-01-07","2012","01","07","","9.6","","0.9","","5.3","","12.7","","0.0","","0.0","","0.0","","0.0","","0","T","","","<31",""
"-66.09","43.83","YARMOUTH A","8206500","2012-01-08","2012","01","08","","6.3","","-1.1","","2.6","","15.4","","0.0","","0.0","","0.0","T","0.0","T","0","","","","<31",""
"-66.09","43.83","YARMOUTH A","8206500","2012-01-09","2012","01","09","","1.8","","-6.6","","-2.4","","20.4","","0.0","","0.0","","0.2","","0.2","","0","T","","","<31",""
"-66.09","43.83","YARMOUTH A","8206500","2012-01-10","2012","01","10","","6.2","","0.9","","3.6","","14.4","","0.0","","2.0","","0.0","T","2.0","","0","T","23","E","35","E"
"-66.09","43.83","YARMOUTH A","8206500","2012-01-11","2012","01","11","","1.3","","-8.7","","-3.7","","21.7","","0.0","","0.0","","0.0","","0.0","","0","","32","E","52","E"
"-66.09","43.83","YARMOUTH A","8206500","2012-01-12","2012","01","12","","6.3","","-6.8","","-0.3","","18.3","","0.0","","8.8","","10.4","","18.8","","0","","9","E","65","E"
"-66.09","43.83","YARMOUTH A","8206500","2012-01-13","2012","01","13","","9.9","","1.1","","5.5","","12.5","","0.0","","2.0","","0.0","T","2.0","","4","","23","E","87","E"
"-66.09","43.83","YARMOUTH A","8206500","2012-01-14","2012","01","14","","3.7","","-6.5","","-1.4","","19.4","","0.0","","0.0","","0.8","","0.8","","0","T","23","E","80","E"
"-66.09","43.83","YARMOUTH A","8206500","2012-01-15","2012","01","15","","-6.5","","-11.8","","-9.2","","27.2","","0.0","","0.0","","3.4","","2.6","","2","","36","E","46","E"
"-66.09","43.83","YARMOUTH A","8206500","2012-01-16","2012","01","16","","2.0","","-10.0","","-4.0","","22.0","","0.0","","0.0","","1.2","","0.8","","5","","23","E","50","E"
"-66.09","43.83","YARMOUTH A","8206500","2012-01-17","2012","01","17","","6.2","","1.9","","4.1","","13.9","","0.0","","7.6","","0.0","","7.6","","0","T","23","E","52","E"
"-66.09","43.83","YARMOUTH A","8206500","2012-01-18","2012","01","18","","8.4","","-6.7","","0.9","","17.1","","0.0","","0.4","","0.0","","0.4","","0","","32","E","61","E"
"-66.09","43.83","YARMOUTH A","8206500","2012-01-19","2012","01","19","","-3.6","","-9.8","","-6.7","","24.7","","0.0","","0.0","","0.0","T","0.0","T","0","","36","E","52","E"
"-66.09","43.83","YARMOUTH A","8206500","2012-01-20","2012","01","20","","2.6","","-6.8","","-2.1","","20.1","","0.0","","0.6","","6.4","","7.0","","0","T","27","E","46","E"
"-66.09","43.83","YARMOUTH A","8206500","2012-01-21","2012","01","21","","-4.1","","-9.8","","-7.0","","25.0","","0.0","","0.0","","3.0","","3.4","","2","","5","E","37","E"
"-66.09","43.83","YARMOUTH A","8206500","2012-01-22","2012","01","22","","-5.3","","-12.5","","-8.9","","26.9","","0.0","","0.0","","0.0","","0.0","","4","","","","<31",""
"-66.09","43.83","YARMOUTH A","8206500","2012-01-23","2012","01","23","","6.4","","-12.4","","-3.0","","21.0","","0.0","","0.4","","0.0","","0.4","","3","","9","E","41","E"
"-66.09","43.83","YARMOUTH A","8206500","2012-01-24","2012","01","24","","9.9","","4.6","","7.3","","10.7","","0.0","","5.8","","0.0","","5.8","","0","","9","E","41","E"
"-66.09","43.83","YARMOUTH A","8206500","2012-01-25","2012","01","25","","5.2","","-0.3","","2.5","","15.5","","0.0","","0.2","","0.0","","0.2","","0","","27","E","41","E"
"-66.09","43.83","YARMOUTH A","8206500","2012-01-26","2012","01","26","","-0.3","","-5.5","","-2.9","","20.9","","0.0","","0.0","","0.0","","0.0","","0","","32","E","39","E"
"-66.09","43.83","YARMOUTH A","8206500","2012-01-27","2012","01","27","","9.1","","-3.7","","2.7","","15.3","","0.0","","40.8","","8.6","","49.4","","2","","9","E","48","E"
"-66.09","43.83","YARMOUTH A","8206500","2012-01-28","2012","01","28","","5.3","","-3.1","","1.1","","16.9","","0.0","","0.2","","0.0","","0.2","","0","","32","E","80","E"
"-66.09","43.83","YARMOUTH A","8206500","2012-01-29","2012","01","29","","5.5","","2.2","","3.9","","14.1","","0.0","","0.4","","0.0","T","0.4","","0","","27","E","52","E"
"-66.09","43.83","YARMOUTH A","8206500","2012-01-30","2012","01","30","","5.9","","-4.6","","0.7","","17.3","","0.0","","0.2","","1.8","","1.2","","0","","23","E","56","E"
"-66.09","43.83","YARMOUTH A","8206500","2012-01-31","2012","01","31","","-2.3","","-7.3","","-4.8","","22.8","","0.0","","0.0","","3.0","","3.2","","2","","","","<31",""
"-66.09","43.83","YARMOUTH A","8206500","2012-02-01","2012","02","01","","7.4","","-2.4","","2.5","","15.5","","0.0","","5.4","","0.0","T","5.4","","2","","","","<31",""
"-66.09","43.83","YARMOUTH A","8206500","2012-02-02","2012","02","02","","1.0","","-5.0","","-2.0","","20.0","","0.0","","0.0","T","0.0","T","0.0","T","0","","2","E","43","E"
"-66.09","43.83","YARMOUTH A","8206500","2012-02-03","2012","02","03","","-2.9","","-7.0","","-5.0","","23.0","","0.0","","0.0","","0.0","T","0.0","T","0","","36","E","48","E"
"-66.09","43.83","YARMOUTH A","8206500","2012-02-04","2012","02","04","","-0.7","","-5.9","","-3.3","","21.3","","0.0","","0.0","","1.2","","1.2","","0","","33","E","48","E"
"-66.09","43.83","YARMOUTH A","8206500","2012-02-05","2012","02","05","","0.3","","-7.5","","-3.6","","21.6","","0.0","","0.0","","0.0","T","0.0","T","0","T","33","E","46","E"
"-66.09","43.83","YARMOUTH A","8206500","2012-02-06","2012","02","06","","5.2","","0.0","","2.6","","15.4","","0.0","","0.0","","0.0","","0.0","","0","","27","E","54","E"
"-66.09","43.83","YARMOUTH A","8206500","2012-02-07","2012","02","07","","4.0","","-3.6","","0.2","","17.8","","0.0","","0.0","","0.0","","0.0","","0","","","","<31",""
"-66.09","43.83","YARMOUTH A","8206500","2012-02-08","2012","02","08","","0.2","","-8.2","","-4.0","","22.0","","0.0","","0.0","","0.0","T","0.0","T","0","","34","E","33","E"
"-66.09","43.83","YARMOUTH A","8206500","2012-02-09","2012","02","09","","2.8","","-1.8","","0.5","","17.5","","0.0","","0.0","","0.0","","0.0","","0","","","","<31",""
"-66.09","43.83","YARMOUTH A","8206500","2012-02-10","2012","02","10","","5.9","","-6.1","","-0.1","","18.1","","0.0","","0.0","","0.0","","0.0","","0","","19","E","39","E"
"-66.09","43.83","YARMOUTH A","8206500","2012-02-11","2012","02","11","","4.8","","-3.7","","0.6","","17.4","","0.0","","13.4","","8.0","","21.4","","0","","36","E","78","E"
"-66.09","43.83","YARMOUTH A","8206500","2012-02-12","2012","02","12","","-3.4","","-12.3","","-7.9","","25.9","","0.0","","0.0","","1.2","","1.2","","6","","36","E","63","E"
"-66.09","43.83","YARMOUTH A","8206500","2012-02-13","2012","02","13","","-1.6","","-12.3","","-7.0","","25.0","","0.0","","0.0","","0.8","","0.8","","7","","26","E","59","E"
"-66.09","43.83","YARMOUTH A","8206500","2012-02-14","2012","02","14","","3.8","","-11.4","","-3.8","","21.8","","0.0","","0.0","","0.0","","0.0","","5","","","","<31",""
"-66.09","43.83","YARMOUTH A","8206500","2012-02-15","2012","02","15","","6.4","","-0.9","","2.8","","15.2","","0.0","","0.0","","0.0","","0.0","","3","","","","<31",""
"-66.09","43.83","YARMOUTH A","8206500","2012-02-16","2012","02","16","","6.9","","-2.7","","2.1","","15.9","","0.0","","0.0","","0.0","","0.0","","2","","","","<31",""
"-66.09","43.83","YARMOUTH A","8206500","2012-02-17","2012","02","17","","4.5","","-2.1","","1.2","","16.8","","0.0","","9.6","","0.0","","9.6","","0","T","20","E","33","E"
"-66.09","43.83","YARMOUTH A","8206500","2012-02-18","2012","02","18","","4.8","","0.4","","2.6","","15.4","","0.0","","0.0","T","0.0","","0.0","T","0","T","30","E","57","E"
"-66.09","43.83","YARMOUTH A","8206500","2012-02-19","2012","02","19","","1.8","","-1.8","","0.0","","18.0","","0.0","","0.0","","0.0","","0.0","","0","","32","E","48","E"
"-66.09","43.83","YARMOUTH A","8206500","2012-02-20","2012","02","20","","-0.9","","-6.0","","-3.5","","21.5","","0.0","","0.0","","0.0","","0.0","","0","","35","E","57","E"
"-66.09","43.83","YARMOUTH A","8206500","2012-02-21","2012","02","21","","2.6","","-6.7","","-2.1","","20.1","","0.0","","0.0","","0.0","","0.0","","0","","20","E","32","E"
"-66.09","43.83","YARMOUTH A","8206500","2012-02-22","2012","02","22","","7.1","","0.6","","3.9","","14.1","","0.0","","7.6","","0.0","","7.6","","0","","20","E","32","E"
"-66.09","43.83","YARMOUTH A","8206500","2012-02-23","2012","02","23","","7.1","","0.6","","3.9","","14.1","","0.0","","6.4","","0.0","","6.4","","0","","30","E","61","E"
"-66.09","43.83","YARMOUTH A","8206500","2012-02-24","2012","02","24","","4.5","","1.5","","3.0","","15.0","","0.0","","2.0","","0.2","","2.2","","0","","12","E","61","E"
"-66.09","43.83","YARMOUTH A","8206500","2012-02-25","2012","02","25","","8.7","","1.1","","4.9","","13.1","","0.0","","6.0","","0.2","","6.2","","0","","25","E","82","E"
"-66.09","43.83","YARMOUTH A","8206500","2012-02-26","2012","02","26","","1.3","","-4.4","","-1.6","","19.6","","0.0","","0.0","","0.0","","0.0","","0","","31","E","63","E"
"-66.09","43.83","YARMOUTH A","8206500","2012-02-27","2012","02","27","","3.6","","-6.2","","-1.3","","19.3","","0.0","","2.8","","1.4","","4.2","","0","","34","E","43","E"
"-66.09","43.83","YARMOUTH A","8206500","2012-02-28","2012","02","28","","4.5","","-4.7","","-0.1","","18.1","","0.0","","0.0","T","0.0","T","0.0","T","0","","33","E","57","E"
"-66.09","43.83","YARMOUTH A","8206500","2012-02-29","2012","02","29","","1.1","","-5.0","","-2.0","","20.0","","0.0","","0.0","","0.0","T","0.0","T","0","T","8","E","37","E"
"-66.09","43.83","YARMOUTH A","8206500","2012-03-01","2012","03","01","","-3.3","","-6.8","","-5.1","","23.1","","0.0","","0.0","","13.0","","12.4","","0","","9","E","48","E"
"-66.09","43.83","YARMOUTH A","8206500","2012-03-02","2012","03","02","","0.8","","-6.7","","-3.0","","21.0","","0.0","","0.0","","0.8","","0.8","","14","","5","E","43","E"
"-66.09","43.83","YARMOUTH A","8206500","2012-03-03","2012","03","03","","7.4","","-1.6","","2.9","","15.1","","0.0","","9.4","","0.4","","9.8","","10","","15","E","65","E"
"-66.09","43.83","YARMOUTH A","8206500","2012-03-04","2012","03","04","","5.3","","0.1","","2.7","","15.3","","0.0","","0.8","","2.0","","2.8","","0","T","27","E","33","E"
"-66.09","43.83","YARMOUTH A","8206500","2012-03-05","2012","03","05","","3.0","","-3.3","","-0.2","","18.2","","0.0","","0.0","","1.6","","1.6","","1","","28","E","59","E"
"-66.09","43.83","YARMOUTH A","8206500","2012-03-06","2012","03","06","","0.0","","-5.2","","-2.6","","20.6","","0.0","","0.0","","0.4","","0.4","","0","T","35","E","44","E"
"-66.09","43.83","YARMOUTH A","8206500","2012-03-07","2012","03","07","","6.0","","-6.9","","-0.5","","18.5","","0.0","","0.0","","0.0","","0.0","","0","T","19","E","46","E"
"-66.09","43.83","YARMOUTH A","8206500","2012-03-08","2012","03","08","","10.9","","4.9","","7.9","","10.1","","0.0","","0.0","","0.0","","0.0","","0","","21","","74",""
"-66.09","43.83","YARMOUTH A","8206500","2012-03-09","2012","03","09","","10.0","","-2.7","","3.7","","14.3","","0.0","","7.4","","0.8","","8.2","","0","","26","","69",""
"-66.09","43.83","YARMOUTH A","8206500","2012-03-10","2012","03","10","","3.3","","-6.0","","-1.4","","19.4","","0.0","","0.0","","0.0","","0.0","","0","","34","E","32","E"
"-66.09","43.83","YARMOUTH A","8206500","2012-03-11","2012","03","11","","5.0","","-6.0","","-0.5","","18.5","","0.0","","0.0","","0.0","","0.0","","0","","21","E","48","E"
"-66.09","43.83","YARMOUTH A","8206500","2012-03-12","2012","03","12","","10.4","","1.1","","5.8","","12.2","","0.0","","0.0","","0.0","","0.0","","0","","","","<31",""
"-66.09","43.83","YARMOUTH A","8206500","2012-03-13","2012","03","13","","12.7","","2.0","","7.4","","10.6","","0.0","","0.2","","0.0","","0.2","","0","","","","<31",""
"-66.09","43.83","YARMOUTH A","8206500","2012-03-14","2012","03","14","","4.2","","1.0","","2.6","","15.4","","0.0","","7.4","","0.0","","7.4","","0","","9","E","43","E"
"-66.09","43.83","YARMOUTH A","8206500","2012-03-15","2012","03","15","","3.3","","-1.0","","1.2","","16.8","","0.0","","0.0","","1.6","","1.6","","1","","","","<31",""
"-66.09","43.83","YARMOUTH A","8206500","2012-03-16","2012","03","16","","4.3","","-1.5","","1.4","","16.6","","0.0","","3.4","","0.4","","3.8","","0","T","","","<31",""
"-66.09","43.83","YARMOUTH A","8206500","2012-03-17","2012","03","17","","8.5","","0.8","","4.7","","13.3","","0.0","","0.0","T","0.0","","0.0","T","0","","3","E","32","E"
"-66.09","43.83","YARMOUTH A","8206500","2012-03-18","2012","03","18","","8.1","","0.9","","4.5","","13.5","","0.0","","0.0","T","0.0","","0.0","T","0","","22","E","44","E"
"-66.09","43.83","YARMOUTH A","8206500","2012-03-19","2012","03","19","","18.3","","2.0","","10.2","","7.8","","0.0","","0.0","","0.0","","0.0","","0","","","","<31",""
"-66.09","43.83","YARMOUTH A","8206500","2012-03-20","2012","03","20","","9.3","","1.0","","5.2","","12.8","","0.0","","0.0","T","0.0","","0.0","T","0","","","","<31",""
"-66.09","43.83","YARMOUTH A","8206500","2012-03-21","2012","03","21","","16.6","","6.2","","11.4","","6.6","","0.0","","0.0","","0.0","","0.0","","0","","","","<31",""
"-66.09","43.83","YARMOUTH A","8206500","2012-03-22","2012","03","22","","11.7","","8.0","","9.9","","8.1","","0.0","","0.0","","0.0","","0.0","","0","","30","E","43","E"
"-66.09","43.83","YARMOUTH A","8206500","2012-03-23","2012","03","23","","12.6","","2.3","","7.5","","10.5","","0.0","","0.0","","0.0","","0.0","","0","","1","E","54","E"
"-66.09","43.83","YARMOUTH A","8206500","2012-03-24","2012","03","24","","5.1","","-2.7","","1.2","","16.8","","0.0","","0.0","","0.0","","0.0","","0","","32","E","50","E"
"-66.09","43.83","YARMOUTH A","8206500","2012-03-25","2012","03","25","","7.3","","0.7","","4.0","","14.0","","0.0","","5.8","","1.2","","7.0","","0","","18","E","35","E"
"-66.09","43.83","YARMOUTH A","8206500","2012-03-26","2012","03","26","","5.6","","-2.9","","1.4","","16.6","","0.0","","0.0","T","0.0","T","0.0","T","0","","35","E","65","E"
"-66.09","43.83","YARMOUTH A","8206500","2012-03-27","2012","03","27","","1.2","","-4.9","","-1.9","","19.9","","0.0","","0.0","","0.0","T","0.0","T","0","T","35","E","67","E"
"-66.09","43.83","YARMOUTH A","8206500","2012-03-28","2012","03","28","","3.1","","-3.1","","0.0","","18.0","","0.0","","0.0","","2.6","","2.6","","0","","","","<31",""
"-66.09","43.83","YARMOUTH A","8206500","2012-03-29","2012","03","29","","2.1","","-1.5","","0.3","","17.7","","0.0","","0.0","","1.4","","1.4","","6","","9","E","35","E"
"-66.09","43.83","YARMOUTH A","8206500","2012-03-30","2012","03","30","","4.2","","-0.5","","1.9","","16.1","","0.0","","0.0","T","0.8","","0.8","","0","T","32","E","59","E"
"-66.09","43.83","YARMOUTH A","8206500","2012-03-31","2012","03","31","","5.0","","-2.9","","1.1","","16.9","","0.0","","0.0","","0.0","","0.0","","0","","28","E","32","E"
"-66.09","43.83","YARMOUTH A","8206500","2012-04-01","2012","04","01","","8.0","","-2.8","","2.6","","15.4","","0.0","","0.0","","0.0","","0.0","","0","","31","E","33","E"
"-66.09","43.83","YARMOUTH A","8206500","2012-04-02","2012","04","02","","6.6","","-0.6","","3.0","","15.0","","0.0","","0.4","","0.2","","0.6","","0","","","","<31",""
"-66.09","43.83","YARMOUTH A","8206500","2012-04-03","2012","04","03","","4.8","","-1.4","","1.7","","16.3","","0.0","","0.0","","0.0","","0.0","","0","","1","E","70","E"
"-66.09","43.83","YARMOUTH A","8206500","2012-04-04","2012","04","04","","7.6","","1.2","","4.4","","13.6","","0.0","","0.0","","0.0","","0.0","","0","","30","E","46","E"
"-66.09","43.83","YARMOUTH A","8206500","2012-04-05","2012","04","05","","8.0","","2.4","","5.2","","12.8","","0.0","","0.0","","0.0","","0.0","","0","","32","E","48","E"
"-66.09","43.83","YARMOUTH A","8206500","2012-04-06","2012","04","06","","6.3","","0.0","","3.2","","14.8","","0.0","","0.0","","0.0","","0.0","","0","","","","<31",""
"-66.09","43.83","YARMOUTH A","8206500","2012-04-07","2012","04","07","","10.1","","-3.0","","3.6","","14.4","","0.0","","0.0","","0.0","","0.0","","0","","35","E","50","E"
"-66.09","43.83","YARMOUTH A","8206500","2012-04-08","2012","04","08","","3.5","","-0.3","","1.6","","16.4","","0.0","","2.4","","1.2","","3.6","","0","","23","E","52","E"
"-66.09","43.83","YARMOUTH A","8206500","2012-04-09","2012","04","09","","10.3","","3.2","","6.8","","11.2","","0.0","","1.0","","0.0","","1.0","","0","","22","E","56","E"
"-66.09","43.83","YARMOUTH A","8206500","2012-04-10","2012","04","10","","11.7","","4.0","","7.9","","10.1","","0.0","","0.0","","0.0","","0.0","","0","","23","E","33","E"
"-66.09","43.83","YARMOUTH A","8206500","2012-04-11","2012","04","11","","12.4","","2.6","","7.5","","10.5","","0.0","","0.4","","0.0","","0.4","","0","","","","<31",""
"-66.09","43.83","YARMOUTH A","8206500","2012-04-12","2012","04","12","","","","","","","","","","","","","","","","","","","","","","",""
"-66.09","43.83","YARMOUTH A","8206500","2012-04-13","2012","04","13","","","","","","","","","","","","","","","","","","","","","","",""
"-66.09","43.83","YARMOUTH A","8206500","2012-04-14","2012","04","14","","","","","","","","","","","","","","","","","","","","","","",""
"-66.09","43.83","YARMOUTH A","8206500","2012-04-15","2012","04","15","","","","","","","","","","","","","","","","","","","","","","",""
"-66.09","43.83","YARMOUTH A","8206500","2012-04-16","2012","04","16","","","","","","","","","","","","","","","","","","","","","","",""
"-66.09","43.83","YARMOUTH A","8206500","2012-04-17","2012","04","17","","","","","","","","","","","","","","","","","","","","","","",""
"-66.09","43.83","YARMOUTH A","8206500","2012-04-18","2012","04","18","","","","","","","","","","","","","","","","","","","","","","",""
"-66.09","43.83","YARMOUTH A","8206500","2012-04-19","2012","04","19","","","","","","","","","","","","","","","","","","","","","","",""
"-66.09","43.83","YARMOUTH A","8206500","2012-04-20","2012","04","20","","","","","","","","","","","","","","","","","","","","","","",""
"-66.09","43.83","YARMOUTH A","8206500","2012-04-21","2012","04","21","","","","","","","","","","","","","","","","","","","","","","",""
"-66.09","43.83","YARMOUTH A","8206500","2012-04-22","2012","04","22","","","","","","","","","","","","","","","","","","","","","","",""
"-66.09","43.83","YARMOUTH A","8206500","2012-04-23","2012","04","23","","","","","","","","","","","","","","","","","","","","","","",""
"-66.09","43.83","YARMOUTH A","8206500","2012-04-24","2012","04","24","","","","","","","","","","","","","","","","","","","","","","",""
"-66.09","43.83","YARMOUTH A","8206500","2012-04-25","2012","04","25","","","","","","","","","","","","","","","","","","","","","","",""
"-66.09","43.83","YARMOUTH A","8206500","2012-04-26","2012","04","26","","","","","","","","","","","","","","","","","","","","","","",""
"-66.09","43.83","YARMOUTH A","8206500","2012-04-27","2012","04","27","","","","","","","","","","","","","","","","","","","","","","",""
"-66.09","43.83","YARMOUTH A","8206500","2012-04-28","2012","04","28","","","","","","","","","","","","","","","","","","","","","","",""
"-66.09","43.83","YARMOUTH A","8206500","2012-04-29","2012","04","29","","","","","","","","","","","","","","","","","","","","","","",""
"-66.09","43.83","YARMOUTH A","8206500","2012-04-30","2012","04","30","","","","","","","","","","","","","","","","","","","","","","",""
"-66.09","43.83","YARMOUTH A","8206500","2012-05-01","2012","05","01","","","","","","","","","","","","","","","","","","","","","","",""
"-66.09","43.83","YARMOUTH A","8206500","2012-05-02","2012","05","02","","","","","","","","","","","","","","","","","","","","","","",""
"-66.09","43.83","YARMOUTH A","8206500","2012-05-03","2012","05","03","","","","","","","","","","","","","","","","","","","","","","",""
"-66.09","43.83","YARMOUTH A","8206500","2012-05-04","2012","05","04","","","","","","","","","","","","","","","","","","","","","","",""
"-66.09","43.83","YARMOUTH A","8206500","2012-05-05","2012","05","05","","","","","","","","","","","","","","","","","","","","","","",""
"-66.09","43.83","YARMOUTH A","8206500","2012-05-06","2012","05","06","","","","","","","","","","","","","","","","","","","","","","",""
"-66.09","43.83","YARMOUTH A","8206500","2012-05-07","2012","05","07","","","","","","","","","","","","","","","","","","","","","","",""
"-66.09","43.83","YARMOUTH A","8206500","2012-05-08","2012","05","08","","","","","","","","","","","","","","","","","","","","","","",""
"-66.09","43.83","YARMOUTH A","8206500","2012-05-09","2012","05","09","","","","","","","","","","","","","","","","","","","","","","",""
"-66.09","43.83","YARMOUTH A","8206500","2012-05-10","2012","05","10","","","","","","","","","","","","","","","","","","","","","","",""
"-66.09","43.83","YARMOUTH A","8206500","2012-05-11","2012","05","11","","","","","","","","","","","","","","","","","","","","","","",""
"-66.09","43.83","YARMOUTH A","8206500","2012-05-12","2012","05","12","","","","","","","","","","","","","","","","","","","","","","",""
"-66.09","43.83","YARMOUTH A","8206500","2012-05-13","2012","05","13","","","","","","","","","","","","","","","","","","","","","","",""
"-66.09","43.83","YARMOUTH A","8206500","2012-05-14","2012","05","14","","","","","","","","","","","","","","","","","","","","","","",""
"-66.09","43.83","YARMOUTH A","8206500","2012-05-15","2012","05","15","","","","","","","","","","","","","","","","","","","","","","",""
"-66.09","43.83","YARMOUTH A","8206500","2012-05-16","2012","05","16","","","","","","","","","","","","","","","","","","","","","","",""
"-66.09","43.83","YARMOUTH A","8206500","2012-05-17","2012","05","17","","","","","","","","","","","","","","","","","","","","","","",""
"-66.09","43.83","YARMOUTH A","8206500","2012-05-18","2012","05","18","","","","","","","","","","","","","","","","","","","","","","",""
"-66.09","43.83","YARMOUTH A","8206500","2012-05-19","2012","05","19","","","","","","","","","","","","","","","","","","","","","","",""
"-66.09","43.83","YARMOUTH A","8206500","2012-05-20","2012","05","20","","","","","","","","","","","","","","","","","","","","","","",""
"-66.09","43.83","YARMOUTH A","8206500","2012-05-21","2012","05","21","","","","","","","","","","","","","","","","","","","","","","",""
"-66.09","43.83","YARMOUTH A","8206500","2012-05-22","2012","05","22","","","","","","","","","","","","","","","","","","","","","","",""
"-66.09","43.83","YARMOUTH A","8206500","2012-05-23","2012","05","23","","","","","","","","","","","","","","","","","","","","","","",""
"-66.09","43.83","YARMOUTH A","8206500","2012-05-24","2012","05","24","","","","","","","","","","","","","","","","","","","","","","",""
"-66.09","43.83","YARMOUTH A","8206500","2012-05-25","2012","05","25","","","","","","","","","","","","","","","","","","","","","","",""
"-66.09","43.83","YARMOUTH A","8206500","2012-05-26","2012","05","26","","","","","","","","","","","","","","","","","","","","","","",""
"-66.09","43.83","YARMOUTH A","8206500","2012-05-27","2012","05","27","","","","","","","","","","","","","","","","","","","","","","",""
"-66.09","43.83","YARMOUTH A","8206500","2012-05-28","2012","05","28","","","","","","","","","","","","","","","","","","","","","","",""
"-66.09","43.83","YARMOUTH A","8206500","2012-05-29","2012","05","29","","","","","","","","","","","","","","","","","","","","","","",""
"-66.09","43.83","YARMOUTH A","8206500","2012-05-30","2012","05","30","","","","","","","","","","","","","","","","","","","","","","",""
"-66.09","43.83","YARMOUTH A","8206500","2012-05-31","2012","05","31","","","","","","","","","","","","","","","","","","","","","","",""
"-66.09","43.83","YARMOUTH A","8206500","2012-06-01","2012","06","01","","","","","","","","","","","","","","","","","","","","","","",""
"-66.09","43.83","YARMOUTH A","8206500","2012-06-02","2012","06","02","","","","","","","","","","","","","","","","","","","","","","",""
"-66.09","43.83","YARMOUTH A","8206500","2012-06-03","2012","06","03","","","","","","","","","","","","","","","","","","","","","","",""
"-66.09","43.83","YARMOUTH A","8206500","2012-06-04","2012","06","04","","","","","","","","","","","","","","","","","","","","","","",""
"-66.09","43.83","YARMOUTH A","8206500","2012-06-05","2012","06","05","","","","","","","","","","","","","","","","","","","","","","",""
"-66.09","43.83","YARMOUTH A","8206500","2012-06-06","2012","06","06","","","","","","","","","","","","","","","","","","","","","","",""
"-66.09","43.83","YARMOUTH A","8206500","2012-06-07","2012","06","07","","","","","","","","","","","","","","","","","","","","","","",""
"-66.09","43.83","YARMOUTH A","8206500","2012-06-08","2012","06","08","","","","","","","","","","","","","","","","","","","","","","",""
"-66.09","43.83","YARMOUTH A","8206500","2012-06-09","2012","06","09","","","","","","","","","","","","","","","","","","","","","","",""
"-66.09","43.83","YARMOUTH A","8206500","2012-06-10","2012","06","10","","","","","","","","","","","","","","","","","","","","","","",""
"-66.09","43.83","YARMOUTH A","8206500","2012-06-11","2012","06","11","","","","","","","","","","","","","","","","","","","","","","",""
"-66.09","43.83","YARMOUTH A","8206500","2012-06-12","2012","06","12","","","","","","","","","","","","","","","","","","","","","","",""
"-66.09","43.83","YARMOUTH A","8206500","2012-06-13","2012","06","13","","","","","","","","","","","","","","","","","","","","","","",""
"-66.09","43.83","YARMOUTH A","8206500","2012-06-14","2012","06","14","","","","","","","","","","","","","","","","","","","","","","",""
"-66.09","43.83","YARMOUTH A","8206500","2012-06-15","2012","06","15","","","","","","","","","","","","","","","","","","","","","","",""
"-66.09","43.83","YARMOUTH A","8206500","2012-06-16","2012","06","16","","","","","","","","","","","","","","","","","","","","","","",""
"-66.09","43.83","YARMOUTH A","8206500","2012-06-17","2012","06","17","","","","","","","","","","","","","","","","","","","","","","",""
"-66.09","43.83","YARMOUTH A","8206500","2012-06-18","2012","06","18","","","","","","","","","","","","","","","","","","","","","","",""
"-66.09","43.83","YARMOUTH A","8206500","2012-06-19","2012","06","19","","","","","","","","","","","","","","","","","","","","","","",""
"-66.09","43.83","YARMOUTH A","8206500","2012-06-20","2012","06","20","","","","","","","","","","","","","","","","","","","","","","",""
"-66.09","43.83","YARMOUTH A","8206500","2012-06-21","2012","06","21","","","","","","","","","","","","","","","","","","","","","","",""
"-66.09","43.83","YARMOUTH A","8206500","2012-06-22","2012","06","22","","","","","","","","","","","","","","","","","","","","","","",""
"-66.09","43.83","YARMOUTH A","8206500","2012-06-23","2012","06","23","","","","","","","","","","","","","","","","","","","","","","",""
"-66.09","43.83","YARMOUTH A","8206500","2012-06-24","2012","06","24","","","","","","","","","","","","","","","","","","","","","","",""
"-66.09","43.83","YARMOUTH A","8206500","2012-06-25","2012","06","25","","","","","","","","","","","","","","","","","","","","","","",""
"-66.09","43.83","YARMOUTH A","8206500","2012-06-26","2012","06","26","","","","","","","","","","","","","","","","","","","","","","",""
"-66.09","43.83","YARMOUTH A","8206500","2012-06-27","2012","06","27","","","","","","","","","","","","","","","","","","","","","","",""
"-66.09","43.83","YARMOUTH A","8206500","2012-06-28","2012","06","28","","","","","","","","","","","","","","","","","","","","","","",""
"-66.09","43.83","YARMOUTH A","8206500","2012-06-29","2012","06","29","","","","","","","","","","","","","","","","","","","","","","",""
"-66.09","43.83","YARMOUTH A","8206500","2012-06-30","2012","06","30","","","","","","","","","","","","","","","","","","","","","","",""
"-66.09","43.83","YARMOUTH A","8206500","2012-07-01","2012","07","01","","","","","","","","","","","","","","","","","","","","","","",""
"-66.09","43.83","YARMOUTH A","8206500","2012-07-02","2012","07","02","","","","","","","","","","","","","","","","","","","","","","",""
"-66.09","43.83","YARMOUTH A","8206500","2012-07-03","2012","07","03","","","","","","","","","","","","","","","","","","","","","","",""
"-66.09","43.83","YARMOUTH A","8206500","2012-07-04","2012","07","04","","","","","","","","","","","","","","","","","","","","","","",""
"-66.09","43.83","YARMOUTH A","8206500","2012-07-05","2012","07","05","","","","","","","","","","","","","","","","","","","","","","",""
"-66.09","43.83","YARMOUTH A","8206500","2012-07-06","2012","07","06","","","","","","","","","","","","","","","","","","","","","","",""
"-66.09","43.83","YARMOUTH A","8206500","2012-07-07","2012","07","07","","","","","","","","","","","","","","","","","","","","","","",""
"-66.09","43.83","YARMOUTH A","8206500","2012-07-08","2012","07","08","","","","","","","","","","","","","","","","","","","","","","",""
"-66.09","43.83","YARMOUTH A","8206500","2012-07-09","2012","07","09","","","","","","","","","","","","","","","","","","","","","","",""
"-66.09","43.83","YARMOUTH A","8206500","2012-07-10","2012","07","10","","","","","","","","","","","","","","","","","","","","","","",""
"-66.09","43.83","YARMOUTH A","8206500","2012-07-11","2012","07","11","","","","","","","","","","","","","","","","","","","","","","",""
"-66.09","43.83","YARMOUTH A","8206500","2012-07-12","2012","07","12","","","","","","","","","","","","","","","","","","","","","","",""
"-66.09","43.83","YARMOUTH A","8206500","2012-07-13","2012","07","13","","","","","","","","","","","","","","","","","","","","","","",""
"-66.09","43.83","YARMOUTH A","8206500","2012-07-14","2012","07","14","","","","","","","","","","","","","","","","","","","","","","",""
"-66.09","43.83","YARMOUTH A","8206500","2012-07-15","2012","07","15","","","","","","","","","","","","","","","","","","","","","","",""
"-66.09","43.83","YARMOUTH A","8206500","2012-07-16","2012","07","16","","","","","","","","","","","","","","","","","","","","","","",""
"-66.09","43.83","YARMOUTH A","8206500","2012-07-17","2012","07","17","","","","","","","","","","","","","","","","","","","","","","",""
"-66.09","43.83","YARMOUTH A","8206500","2012-07-18","2012","07","18","","","","","","","","","","","","","","","","","","","","","","",""
"-66.09","43.83","YARMOUTH A","8206500","2012-07-19","2012","07","19","","","","","","","","","","","","","","","","","","","","","","",""
"-66.09","43.83","YARMOUTH A","8206500","2012-07-20","2012","07","20","","","","","","","","","","","","","","","","","","","","","","",""
"-66.09","43.83","YARMOUTH A","8206500","2012-07-21","2012","07","21","","","","","","","","","","","","","","","","","","","","","","",""
"-66.09","43.83","YARMOUTH A","8206500","2012-07-22","2012","07","22","","","","","","","","","","","","","","","","","","","","","","",""
"-66.09","43.83","YARMOUTH A","8206500","2012-07-23","2012","07","23","","","","","","","","","","","","","","","","","","","","","","",""
"-66.09","43.83","YARMOUTH A","8206500","2012-07-24","2012","07","24","","","","","","","","","","","","","","","","","","","","","","",""
"-66.09","43.83","YARMOUTH A","8206500","2012-07-25","2012","07","25","","","","","","","","","","","","","","","","","","","","","","",""
"-66.09","43.83","YARMOUTH A","8206500","2012-07-26","2012","07","26","","","","","","","","","","","","","","","","","","","","","","",""
"-66.09","43.83","YARMOUTH A","8206500","2012-07-27","2012","07","27","","","","","","","","","","","","","","","","","","","","","","",""
"-66.09","43.83","YARMOUTH A","8206500","2012-07-28","2012","07","28","","","","","","","","","","","","","","","","","","","","","","",""
"-66.09","43.83","YARMOUTH A","8206500","2012-07-29","2012","07","29","","","","","","","","","","","","","","","","","","","","","","",""
"-66.09","43.83","YARMOUTH A","8206500","2012-07-30","2012","07","30","","","","","","","","","","","","","","","","","","","","","","",""
"-66.09","43.83","YARMOUTH A","8206500","2012-07-31","2012","07","31","","","","","","","","","","","","","","","","","","","","","","",""
"-66.09","43.83","YARMOUTH A","8206500","2012-08-01","2012","08","01","","","","","","","","","","","","","","","","","","","","","","",""
"-66.09","43.83","YARMOUTH A","8206500","2012-08-02","2012","08","02","","","","","","","","","","","","","","","","","","","","","","",""
"-66.09","43.83","YARMOUTH A","8206500","2012-08-03","2012","08","03","","","","","","","","","","","","","","","","","","","","","","",""
"-66.09","43.83","YARMOUTH A","8206500","2012-08-04","2012","08","04","","","","","","","","","","","","","","","","","","","","","","",""
"-66.09","43.83","YARMOUTH A","8206500","2012-08-05","2012","08","05","","","","","","","","","","","","","","","","","","","","","","",""
"-66.09","43.83","YARMOUTH A","8206500","2012-08-06","2012","08","06","","","","","","","","","","","","","","","","","","","","","","",""
"-66.09","43.83","YARMOUTH A","8206500","2012-08-07","2012","08","07","","","","","","","","","","","","","","","","","","","","","","",""
"-66.09","43.83","YARMOUTH A","8206500","2012-08-08","2012","08","08","","","","","","","","","","","","","","","","","","","","","","",""
"-66.09","43.83","YARMOUTH A","8206500","2012-08-09","2012","08","09","","","","","","","","","","","","","","","","","","","","","","",""
"-66.09","43.83","YARMOUTH A","8206500","2012-08-10","2012","08","10","","","","","","","","","","","","","","","","","","","","","","",""
"-66.09","43.83","YARMOUTH A","8206500","2012-08-11","2012","08","11","","","","","","","","","","","","","","","","","","","","","","",""
"-66.09","43.83","YARMOUTH A","8206500","2012-08-12","2012","08","12","","","","","","","","","","","","","","","","","","","","","","",""
"-66.09","43.83","YARMOUTH A","8206500","2012-08-13","2012","08","13","","","","","","","","","","","","","","","","","","","","","","",""
"-66.09","43.83","YARMOUTH A","8206500","2012-08-14","2012","08","14","","","","","","","","","","","","","","","","","","","","","","",""
"-66.09","43.83","YARMOUTH A","8206500","2012-08-15","2012","08","15","","","","","","","","","","","","","","","","","","","","","","",""
"-66.09","43.83","YARMOUTH A","8206500","2012-08-16","2012","08","16","","","","","","","","","","","","","","","","","","","","","","",""
"-66.09","43.83","YARMOUTH A","8206500","2012-08-17","2012","08","17","","","","","","","","","","","","","","","","","","","","","","",""
"-66.09","43.83","YARMOUTH A","8206500","2012-08-18","2012","08","18","","","","","","","","","","","","","","","","","","","","","","",""
"-66.09","43.83","YARMOUTH A","8206500","2012-08-19","2012","08","19","","","","","","","","","","","","","","","","","","","","","","",""
"-66.09","43.83","YARMOUTH A","8206500","2012-08-20","2012","08","20","","","","","","","","","","","","","","","","","","","","","","",""
"-66.09","43.83","YARMOUTH A","8206500","2012-08-21","2012","08","21","","","","","","","","","","","","","","","","","","","","","","",""
"-66.09","43.83","YARMOUTH A","8206500","2012-08-22","2012","08","22","","","","","","","","","","","","","","","","","","","","","","",""
"-66.09","43.83","YARMOUTH A","8206500","2012-08-23","2012","08","23","","","","","","","","","","","","","","","","","","","","","","",""
"-66.09","43.83","YARMOUTH A","8206500","2012-08-24","2012","08","24","","","","","","","","","","","","","","","","","","","","","","",""
"-66.09","43.83","YARMOUTH A","8206500","2012-08-25","2012","08","25","","","","","","","","","","","","","","","","","","","","","","",""
"-66.09","43.83","YARMOUTH A","8206500","2012-08-26","2012","08","26","","","","","","","","","","","","","","","","","","","","","","",""
"-66.09","43.83","YARMOUTH A","8206500","2012-08-27","2012","08","27","","","","","","","","","","","","","","","","","","","","","","",""
"-66.09","43.83","YARMOUTH A","8206500","2012-08-28","2012","08","28","","","","","","","","","","","","","","","","","","","","","","",""
"-66.09","43.83","YARMOUTH A","8206500","2012-08-29","2012","08","29","","","","","","","","","","","","","","","","","","","","","","",""
"-66.09","43.83","YARMOUTH A","8206500","2012-08-30","2012","08","30","","","","","","","","","","","","","","","","","","","","","","",""
"-66.09","43.83","YARMOUTH A","8206500","2012-08-31","2012","08","31","","","","","","","","","","","","","","","","","","","","","","",""
"-66.09","43.83","YARMOUTH A","8206500","2012-09-01","2012","09","01","","","","","","","","","","","","","","","","","","","","","","",""
"-66.09","43.83","YARMOUTH A","8206500","2012-09-02","2012","09","02","","","","","","","","","","","","","","","","","","","","","","",""
"-66.09","43.83","YARMOUTH A","8206500","2012-09-03","2012","09","03","","","","","","","","","","","","","","","","","","","","","","",""
"-66.09","43.83","YARMOUTH A","8206500","2012-09-04","2012","09","04","","","","","","","","","","","","","","","","","","","","","","",""
"-66.09","43.83","YARMOUTH A","8206500","2012-09-05","2012","09","05","","","","","","","","","","","","","","","","","","","","","","",""
"-66.09","43.83","YARMOUTH A","8206500","2012-09-06","2012","09","06","","","","","","","","","","","","","","","","","","","","","","",""
"-66.09","43.83","YARMOUTH A","8206500","2012-09-07","2012","09","07","","","","","","","","","","","","","","","","","","","","","","",""
"-66.09","43.83","YARMOUTH A","8206500","2012-09-08","2012","09","08","","","","","","","","","","","","","","","","","","","","","","",""
"-66.09","43.83","YARMOUTH A","8206500","2012-09-09","2012","09","09","","","","","","","","","","","","","","","","","","","","","","",""
"-66.09","43.83","YARMOUTH A","8206500","2012-09-10","2012","09","10","","","","","","","","","","","","","","","","","","","","","","",""
"-66.09","43.83","YARMOUTH A","8206500","2012-09-11","2012","09","11","","","","","","","","","","","","","","","","","","","","","","",""
"-66.09","43.83","YARMOUTH A","8206500","2012-09-12","2012","09","12","","","","","","","","","","","","","","","","","","","","","","",""
"-66.09","43.83","YARMOUTH A","8206500","2012-09-13","2012","09","13","","","","","","","","","","","","","","","","","","","","","","",""
"-66.09","43.83","YARMOUTH A","8206500","2012-09-14","2012","09","14","","","","","","","","","","","","","","","","","","","","","","",""
"-66.09","43.83","YARMOUTH A","8206500","2012-09-15","2012","09","15","","","","","","","","","","","","","","","","","","","","","","",""
"-66.09","43.83","YARMOUTH A","8206500","2012-09-16","2012","09","16","","","","","","","","","","","","","","","","","","","","","","",""
"-66.09","43.83","YARMOUTH A","8206500","2012-09-17","2012","09","17","","","","","","","","","","","","","","","","","","","","","","",""
"-66.09","43.83","YARMOUTH A","8206500","2012-09-18","2012","09","18","","","","","","","","","","","","","","","","","","","","","","",""
"-66.09","43.83","YARMOUTH A","8206500","2012-09-19","2012","09","19","","","","","","","","","","","","","","","","","","","","","","",""
"-66.09","43.83","YARMOUTH A","8206500","2012-09-20","2012","09","20","","","","","","","","","","","","","","","","","","","","","","",""
"-66.09","43.83","YARMOUTH A","8206500","2012-09-21","2012","09","21","","","","","","","","","","","","","","","","","","","","","","",""
"-66.09","43.83","YARMOUTH A","8206500","2012-09-22","2012","09","22","","","","","","","","","","","","","","","","","","","","","","",""
"-66.09","43.83","YARMOUTH A","8206500","2012-09-23","2012","09","23","","","","","","","","","","","","","","","","","","","","","","",""
"-66.09","43.83","YARMOUTH A","8206500","2012-09-24","2012","09","24","","","","","","","","","","","","","","","","","","","","","","",""
"-66.09","43.83","YARMOUTH A","8206500","2012-09-25","2012","09","25","","","","","","","","","","","","","","","","","","","","","","",""
"-66.09","43.83","YARMOUTH A","8206500","2012-09-26","2012","09","26","","","","","","","","","","","","","","","","","","","","","","",""
"-66.09","43.83","YARMOUTH A","8206500","2012-09-27","2012","09","27","","","","","","","","","","","","","","","","","","","","","","",""
"-66.09","43.83","YARMOUTH A","8206500","2012-09-28","2012","09","28","","","","","","","","","","","","","","","","","","","","","","",""
"-66.09","43.83","YARMOUTH A","8206500","2012-09-29","2012","09","29","","","","","","","","","","","","","","","","","","","","","","",""
"-66.09","43.83","YARMOUTH A","8206500","2012-09-30","2012","09","30","","","","","","","","","","","","","","","","","","","","","","",""
"-66.09","43.83","YARMOUTH A","8206500","2012-10-01","2012","10","01","","","","","","","","","","","","","","","","","","","","","","",""
"-66.09","43.83","YARMOUTH A","8206500","2012-10-02","2012","10","02","","","","","","","","","","","","","","","","","","","","","","",""
"-66.09","43.83","YARMOUTH A","8206500","2012-10-03","2012","10","03","","","","","","","","","","","","","","","","","","","","","","",""
"-66.09","43.83","YARMOUTH A","8206500","2012-10-04","2012","10","04","","","","","","","","","","","","","","","","","","","","","","",""
"-66.09","43.83","YARMOUTH A","8206500","2012-10-05","2012","10","05","","","","","","","","","","","","","","","","","","","","","","",""
"-66.09","43.83","YARMOUTH A","8206500","2012-10-06","2012","10","06","","","","","","","","","","","","","","","","","","","","","","",""
"-66.09","43.83","YARMOUTH A","8206500","2012-10-07","2012","10","07","","","","","","","","","","","","","","","","","","","","","","",""
"-66.09","43.83","YARMOUTH A","8206500","2012-10-08","2012","10","08","","","","","","","","","","","","","","","","","","","","","","",""
"-66.09","43.83","YARMOUTH A","8206500","2012-10-09","2012","10","09","","","","","","","","","","","","","","","","","","","","","","",""
"-66.09","43.83","YARMOUTH A","8206500","2012-10-10","2012","10","10","","","","","","","","","","","","","","","","","","","","","","",""
"-66.09","43.83","YARMOUTH A","8206500","2012-10-11","2012","10","11","","","","","","","","","","","","","","","","","","","","","","",""
"-66.09","43.83","YARMOUTH A","8206500","2012-10-12","2012","10","12","","","","","","","","","","","","","","","","","","","","","","",""
"-66.09","43.83","YARMOUTH A","8206500","2012-10-13","2012","10","13","","","","","","","","","","","","","","","","","","","","","","",""
"-66.09","43.83","YARMOUTH A","8206500","2012-10-14","2012","10","14","","","","","","","","","","","","","","","","","","","","","","",""
"-66.09","43.83","YARMOUTH A","8206500","2012-10-15","2012","10","15","","","","","","","","","","","","","","","","","","","","","","",""
"-66.09","43.83","YARMOUTH A","8206500","2012-10-16","2012","10","16","","","","","","","","","","","","","","","","","","","","","","",""
"-66.09","43.83","YARMOUTH A","8206500","2012-10-17","2012","10","17","","","","","","","","","","","","","","","","","","","","","","",""
"-66.09","43.83","YARMOUTH A","8206500","2012-10-18","2012","10","18","","","","","","","","","","","","","","","","","","","","","","",""
"-66.09","43.83","YARMOUTH A","8206500","2012-10-19","2012","10","19","","","","","","","","","","","","","","","","","","","","","","",""
"-66.09","43.83","YARMOUTH A","8206500","2012-10-20","2012","10","20","","","","","","","","","","","","","","","","","","","","","","",""
"-66.09","43.83","YARMOUTH A","8206500","2012-10-21","2012","10","21","","","","","","","","","","","","","","","","","","","","","","",""
"-66.09","43.83","YARMOUTH A","8206500","2012-10-22","2012","10","22","","","","","","","","","","","","","","","","","","","","","","",""
"-66.09","43.83","YARMOUTH A","8206500","2012-10-23","2012","10","23","","","","","","","","","","","","","","","","","","","","","","",""
"-66.09","43.83","YARMOUTH A","8206500","2012-10-24","2012","10","24","","","","","","","","","","","","","","","","","","","","","","",""
"-66.09","43.83","YARMOUTH A","8206500","2012-10-25","2012","10","25","","","","","","","","","","","","","","","","","","","","","","",""
"-66.09","43.83","YARMOUTH A","8206500","2012-10-26","2012","10","26","","","","","","","","","","","","","","","","","","","","","","",""
"-66.09","43.83","YARMOUTH A","8206500","2012-10-27","2012","10","27","","","","","","","","","","","","","","","","","","","","","","",""
"-66.09","43.83","YARMOUTH A","8206500","2012-10-28","2012","10","28","","","","","","","","","","","","","","","","","","","","","","",""
"-66.09","43.83","YARMOUTH A","8206500","2012-10-29","2012","10","29","","","","","","","","","","","","","","","","","","","","","","",""
"-66.09","43.83","YARMOUTH A","8206500","2012-10-30","2012","10","30","","","","","","","","","","","","","","","","","","","","","","",""
"-66.09","43.83","YARMOUTH A","8206500","2012-10-31","2012","10","31","","","","","","","","","","","","","","","","","","","","","","",""
"-66.09","43.83","YARMOUTH A","8206500","2012-11-01","2012","11","01","","","","","","","","","","","","","","","","","","","","","","",""
"-66.09","43.83","YARMOUTH A","8206500","2012-11-02","2012","11","02","","","","","","","","","","","","","","","","","","","","","","",""
"-66.09","43.83","YARMOUTH A","8206500","2012-11-03","2012","11","03","","","","","","","","","","","","","","","","","","","","","","",""
"-66.09","43.83","YARMOUTH A","8206500","2012-11-04","2012","11","04","","","","","","","","","","","","","","","","","","","","","","",""
"-66.09","43.83","YARMOUTH A","8206500","2012-11-05","2012","11","05","","","","","","","","","","","","","","","","","","","","","","",""
"-66.09","43.83","YARMOUTH A","8206500","2012-11-06","2012","11","06","","","","","","","","","","","","","","","","","","","","","","",""
"-66.09","43.83","YARMOUTH A","8206500","2012-11-07","2012","11","07","","","","","","","","","","","","","","","","","","","","","","",""
"-66.09","43.83","YARMOUTH A","8206500","2012-11-08","2012","11","08","","","","","","","","","","","","","","","","","","","","","","",""
"-66.09","43.83","YARMOUTH A","8206500","2012-11-09","2012","11","09","","","","","","","","","","","","","","","","","","","","","","",""
"-66.09","43.83","YARMOUTH A","8206500","2012-11-10","2012","11","10","","","","","","","","","","","","","","","","","","","","","","",""
"-66.09","43.83","YARMOUTH A","8206500","2012-11-11","2012","11","11","","","","","","","","","","","","","","","","","","","","","","",""
"-66.09","43.83","YARMOUTH A","8206500","2012-11-12","2012","11","12","","","","","","","","","","","","","","","","","","","","","","",""
"-66.09","43.83","YARMOUTH A","8206500","2012-11-13","2012","11","13","","","","","","","","","","","","","","","","","","","","","","",""
"-66.09","43.83","YARMOUTH A","8206500","2012-11-14","2012","11","14","","","","","","","","","","","","","","","","","","","","","","",""
"-66.09","43.83","YARMOUTH A","8206500","2012-11-15","2012","11","15","","","","","","","","","","","","","","","","","","","","","","",""
"-66.09","43.83","YARMOUTH A","8206500","2012-11-16","2012","11","16","","","","","","","","","","","","","","","","","","","","","","",""
"-66.09","43.83","YARMOUTH A","8206500","2012-11-17","2012","11","17","","","","","","","","","","","","","","","","","","","","","","",""
"-66.09","43.83","YARMOUTH A","8206500","2012-11-18","2012","11","18","","","","","","","","","","","","","","","","","","","","","","",""
"-66.09","43.83","YARMOUTH A","8206500","2012-11-19","2012","11","19","","","","","","","","","","","","","","","","","","","","","","",""
"-66.09","43.83","YARMOUTH A","8206500","2012-11-20","2012","11","20","","","","","","","","","","","","","","","","","","","","","","",""
"-66.09","43.83","YARMOUTH A","8206500","2012-11-21","2012","11","21","","","","","","","","","","","","","","","","","","","","","","",""
"-66.09","43.83","YARMOUTH A","8206500","2012-11-22","2012","11","22","","","","","","","","","","","","","","","","","","","","","","",""
"-66.09","43.83","YARMOUTH A","8206500","2012-11-23","2012","11","23","","","","","","","","","","","","","","","","","","","","","","",""
"-66.09","43.83","YARMOUTH A","8206500","2012-11-24","2012","11","24","","","","","","","","","","","","","","","","","","","","","","",""
"-66.09","43.83","YARMOUTH A","8206500","2012-11-25","2012","11","25","","","","","","","","","","","","","","","","","","","","","","",""
"-66.09","43.83","YARMOUTH A","8206500","2012-11-26","2012","11","26","","","","","","","","","","","","","","","","","","","","","","",""
"-66.09","43.83","YARMOUTH A","8206500","2012-11-27","2012","11","27","","","","","","","","","","","","","","","","","","","","","","",""
"-66.09","43.83","YARMOUTH A","8206500","2012-11-28","2012","11","28","","","","","","","","","","","","","","","","","","","","","","",""
"-66.09","43.83","YARMOUTH A","8206500","2012-11-29","2012","11","29","","","","","","","","","","","","","","","","","","","","","","",""
"-66.09","43.83","YARMOUTH A","8206500","2012-11-30","2012","11","30","","","","","","","","","","","","","","","","","","","","","","",""
"-66.09","43.83","YARMOUTH A","8206500","2012-12-01","2012","12","01","","","","","","","","","","","","","","","","","","","","","","",""
"-66.09","43.83","YARMOUTH A","8206500","2012-12-02","2012","12","02","","","","","","","","","","","","","","","","","","","","","","",""
"-66.09","43.83","YARMOUTH A","8206500","2012-12-03","2012","12","03","","","","","","","","","","","","","","","","","","","","","","",""
"-66.09","43.83","YARMOUTH A","8206500","2012-12-04","2012","12","04","","","","","","","","","","","","","","","","","","","","","","",""
"-66.09","43.83","YARMOUTH A","8206500","2012-12-05","2012","12","05","","","","","","","","","","","","","","","","","","","","","","",""
"-66.09","43.83","YARMOUTH A","8206500","2012-12-06","2012","12","06","","","","","","","","","","","","","","","","","","","","","","",""
"-66.09","43.83","YARMOUTH A","8206500","2012-12-07","2012","12","07","","","","","","","","","","","","","","","","","","","","","","",""
"-66.09","43.83","YARMOUTH A","8206500","2012-12-08","2012","12","08","","","","","","","","","","","","","","","","","","","","","","",""
"-66.09","43.83","YARMOUTH A","8206500","2012-12-09","2012","12","09","","","","","","","","","","","","","","","","","","","","","","",""
"-66.09","43.83","YARMOUTH A","8206500","2012-12-10","2012","12","10","","","","","","","","","","","","","","","","","","","","","","",""
"-66.09","43.83","YARMOUTH A","8206500","2012-12-11","2012","12","11","","","","","","","","","","","","","","","","","","","","","","",""
"-66.09","43.83","YARMOUTH A","8206500","2012-12-12","2012","12","12","","","","","","","","","","","","","","","","","","","","","","",""
"-66.09","43.83","YARMOUTH A","8206500","2012-12-13","2012","12","13","","","","","","","","","","","","","","","","","","","","","","",""
"-66.09","43.83","YARMOUTH A","8206500","2012-12-14","2012","12","14","","","","","","","","","","","","","","","","","","","","","","",""
"-66.09","43.83","YARMOUTH A","8206500","2012-12-15","2012","12","15","","","","","","","","","","","","","","","","","","","","","","",""
"-66.09","43.83","YARMOUTH A","8206500","2012-12-16","2012","12","16","","","","","","","","","","","","","","","","","","","","","","",""
"-66.09","43.83","YARMOUTH A","8206500","2012-12-17","2012","12","17","","","","","","","","","","","","","","","","","","","","","","",""
"-66.09","43.83","YARMOUTH A","8206500","2012-12-18","2012","12","18","","","","","","","","","","","","","","","","","","","","","","",""
"-66.09","43.83","YARMOUTH A","8206500","2012-12-19","2012","12","19","","","","","","","","","","","","","","","","","","","","","","",""
"-66.09","43.83","YARMOUTH A","8206500","2012-12-20","2012","12","20","","","","","","","","","","","","","","","","","","","","","","",""
"-66.09","43.83","YARMOUTH A","8206500","2012-12-21","2012","12","21","","","","","","","","","","","","","","","","","","","","","","",""
"-66.09","43.83","YARMOUTH A","8206500","2012-12-22","2012","12","22","","","","","","","","","","","","","","","","","","","","","","",""
"-66.09","43.83","YARMOUTH A","8206500","2012-12-23","2012","12","23","","","","","","","","","","","","","","","","","","","","","","",""
"-66.09","43.83","YARMOUTH A","8206500","2012-12-24","2012","12","24","","","","","","","","","","","","","","","","","","","","","","",""
"-66.09","43.83","YARMOUTH A","8206500","2012-12-25","2012","12","25","","","","","","","","","","","","","","","","","","","","","","",""
"-66.09","43.83","YARMOUTH A","8206500","2012-12-26","2012","12","26","","","","","","","","","","","","","","","","","","","","","","",""
"-66.09","43.83","YARMOUTH A","8206500","2012-12-27","2012","12","27","","","","","","","","","","","","","","","","","","","","","","",""
"-66.09","43.83","YARMOUTH A","8206500","2012-12-28","2012","12","28","","","","","","","","","","","","","","","","","","","","","","",""
"-66.09","43.83","YARMOUTH A","8206500","2012-12-29","2012","12","29","","","","","","","","","","","","","","","","","","","","","","",""
"-66.09","43.83","YARMOUTH A","8206500","2012-12-30","2012","12","30","","","","","","","","","","","","","","","","","","","","","","",""
"-66.09","43.83","YARMOUTH A","8206500","2012-12-31","2012","12","31","","","","","","","","","","","","","","","","","","","","","","",""
